Learner,stream,randomSeed,learning evaluation instances,evaluation time (cpu seconds),model cost (RAM-Hours),classified instances,classifications correct (percent),Kappa Statistic (percent),Kappa Temporal Statistic (percent),Kappa M Statistic (percent),model training instances,model serialized size (bytes),tree size (nodes),tree size (leaves),active learning leaves,tree depth,active leaf byte size estimate,inactive leaf byte size estimate,byte size estimate overhead
trees.HoeffdingTree,ConceptDriftStream -s generators.AgrawalGenerator -d (generators.AgrawalGenerator -f 3) -p 100000 -w 1,1,1000.0,0.015625,2.166618489556842E-12,1000.0,81.8,54.2419244539201,60.606060606060595,45.18072289156624,1000.0,536.0,3.0,2.0,2.0,1.0,0.0,0.0,1.0
trees.HoeffdingTree,ConceptDriftStream -s generators.AgrawalGenerator -d (generators.AgrawalGenerator -f 3) -p 100000 -w 1,1,2000.0,0.03125,5.15784550872114E-11,2000.0,83.1,60.496851435436895,64.2706131078224,50.29411764705881,2000.0,12224.0,5.0,3.0,3.0,2.0,0.0,0.0,1.0
trees.HoeffdingTree,ConceptDriftStream -s generators.AgrawalGenerator -d (generators.AgrawalGenerator -f 3) -p 100000 -w 1,1,3000.0,0.046875,1.0099029168486596E-10,3000.0,84.83333333333334,65.41063781263463,67.50000000000001,54.861111111111114,3000.0,12224.0,5.0,3.0,3.0,2.0,0.0,0.0,1.0
trees.HoeffdingTree,ConceptDriftStream -s generators.AgrawalGenerator -d (generators.AgrawalGenerator -f 3) -p 100000 -w 1,1,4000.0,0.046875,1.0099029168486596E-10,4000.0,86.425,69.27180979985931,70.21393307734502,58.86363636363635,4000.0,12224.0,5.0,3.0,3.0,2.0,0.0,0.0,1.0
trees.HoeffdingTree,ConceptDriftStream -s generators.AgrawalGenerator -d (generators.AgrawalGenerator -f 3) -p 100000 -w 1,1,5000.0,0.046875,1.0099029168486596E-10,5000.0,87.26,71.54888410882351,72.13473315835522,61.58021712907118,5000.0,12224.0,5.0,3.0,3.0,2.0,0.0,0.0,1.0
trees.HoeffdingTree,ConceptDriftStream -s generators.AgrawalGenerator -d (generators.AgrawalGenerator -f 3) -p 100000 -w 1,1,6000.0,0.046875,1.0099029168486596E-10,6000.0,87.36666666666667,71.90269882362013,72.02952029520297,61.522842639593925,6000.0,12224.0,5.0,3.0,3.0,2.0,0.0,0.0,1.0
trees.HoeffdingTree,ConceptDriftStream -s generators.AgrawalGenerator -d (generators.AgrawalGenerator -f 3) -p 100000 -w 1,1,7000.0,0.0625,1.5040212828252052E-10,7000.0,87.55714285714285,72.38753070341735,72.22576530612244,61.81499342393686,7000.0,12224.0,5.0,3.0,3.0,2.0,0.0,0.0,1.0
trees.HoeffdingTree,ConceptDriftStream -s generators.AgrawalGenerator -d (generators.AgrawalGenerator -f 3) -p 100000 -w 1,1,8000.0,0.0625,1.5040212828252052E-10,8000.0,87.8875,73.24649257100103,72.69653423499577,62.773722627737214,8000.0,12224.0,5.0,3.0,3.0,2.0,0.0,0.0,1.0
trees.HoeffdingTree,ConceptDriftStream -s generators.AgrawalGenerator -d (generators.AgrawalGenerator -f 3) -p 100000 -w 1,1,9000.0,0.078125,2.1811704047852095E-10,9000.0,87.95555555555555,73.44439578759957,72.83888749686794,62.77472527472527,9000.0,16752.0,7.0,4.0,4.0,3.0,0.0,0.0,1.0
trees.HoeffdingTree,ConceptDriftStream -s generators.AgrawalGenerator -d (generators.AgrawalGenerator -f 3) -p 100000 -w 1,1,10000.0,0.09375,3.0413502827286723E-10,10000.0,88.42,74.49198969176807,73.72958257713248,64.30332922318127,10000.0,21280.0,9.0,5.0,5.0,4.0,0.0,0.0,1.0
trees.HoeffdingTree,ConceptDriftStream -s generators.AgrawalGenerator -d (generators.AgrawalGenerator -f 3) -p 100000 -w 1,1,11000.0,0.09375,3.0413502827286723E-10,11000.0,88.93636363636364,75.50255178244876,74.82936918304033,65.61175473297541,11000.0,21296.0,9.0,5.0,5.0,4.0,0.0,0.0,1.0
trees.HoeffdingTree,ConceptDriftStream -s generators.AgrawalGenerator -d (generators.AgrawalGenerator -f 3) -p 100000 -w 1,1,12000.0,0.09375,3.0413502827286723E-10,12000.0,89.33333333333333,76.37173463833555,75.73919636087945,67.0442842430484,12000.0,21312.0,9.0,5.0,5.0,4.0,0.0,0.0,1.0
trees.HoeffdingTree,ConceptDriftStream -s generators.AgrawalGenerator -d (generators.AgrawalGenerator -f 3) -p 100000 -w 1,1,13000.0,0.109375,3.9028236642479897E-10,13000.0,89.73846153846154,77.16245310283011,76.59649122807016,68.13186813186812,13000.0,21312.0,9.0,5.0,5.0,4.0,0.0,0.0,1.0
trees.HoeffdingTree,ConceptDriftStream -s generators.AgrawalGenerator -d (generators.AgrawalGenerator -f 3) -p 100000 -w 1,1,14000.0,0.109375,3.9028236642479897E-10,14000.0,90.09285714285714,77.8230448463762,77.32177894048398,68.97091722595079,14000.0,21312.0,9.0,5.0,5.0,4.0,0.0,0.0,1.0
trees.HoeffdingTree,ConceptDriftStream -s generators.AgrawalGenerator -d (generators.AgrawalGenerator -f 3) -p 100000 -w 1,1,15000.0,0.109375,3.9028236642479897E-10,15000.0,90.41333333333334,78.49771456723914,78.04244922888991,69.97285445813323,15000.0,21312.0,9.0,5.0,5.0,4.0,0.0,0.0,1.0
trees.HoeffdingTree,ConceptDriftStream -s generators.AgrawalGenerator -d (generators.AgrawalGenerator -f 3) -p 100000 -w 1,1,16000.0,0.125,4.764297045767308E-10,16000.0,90.69375,79.09729440867716,78.67678648145495,70.82680250783697,16000.0,21312.0,9.0,5.0,5.0,4.0,0.0,0.0,1.0
trees.HoeffdingTree,ConceptDriftStream -s generators.AgrawalGenerator -d (generators.AgrawalGenerator -f 3) -p 100000 -w 1,1,17000.0,0.125,4.764297045767308E-10,17000.0,90.95294117647059,79.72642695062386,79.32795698924731,71.85212298682285,17000.0,25664.0,11.0,6.0,6.0,5.0,0.0,0.0,1.0
trees.HoeffdingTree,ConceptDriftStream -s generators.AgrawalGenerator -d (generators.AgrawalGenerator -f 3) -p 100000 -w 1,1,18000.0,0.140625,5.808801183270084E-10,18000.0,91.11666666666667,80.0654859383758,79.75693125712115,72.34520927014873,18000.0,25840.0,11.0,6.0,6.0,5.0,0.0,0.0,1.0
trees.HoeffdingTree,ConceptDriftStream -s generators.AgrawalGenerator -d (generators.AgrawalGenerator -f 3) -p 100000 -w 1,1,19000.0,0.140625,5.808801183270084E-10,19000.0,91.32105263157895,80.55337626805567,80.18505167027156,73.13457152166829,19000.0,30224.0,13.0,7.0,7.0,5.0,0.0,0.0,1.0
trees.HoeffdingTree,ConceptDriftStream -s generators.AgrawalGenerator -d (generators.AgrawalGenerator -f 3) -p 100000 -w 1,1,20000.0,0.140625,5.808801183270084E-10,20000.0,91.47,80.87849206398576,80.50285714285714,73.62807234503012,20000.0,30392.0,13.0,7.0,7.0,5.0,0.0,0.0,1.0
trees.HoeffdingTree,ConceptDriftStream -s generators.AgrawalGenerator -d (generators.AgrawalGenerator -f 3) -p 100000 -w 1,1,21000.0,0.171875,1.3979863271945053E-9,21000.0,91.58571428571427,81.10542187778591,80.78094409397431,73.98026800176703,21000.0,101072.0,33.0,26.0,26.0,6.0,0.0,0.0,1.0
trees.HoeffdingTree,ConceptDriftStream -s generators.AgrawalGenerator -d (generators.AgrawalGenerator -f 3) -p 100000 -w 1,1,22000.0,0.171875,1.3979863271945053E-9,22000.0,91.62727272727273,81.19050372382445,80.90796019900498,74.12557943531394,22000.0,106040.0,33.0,26.0,26.0,6.0,0.0,0.0,1.0
trees.HoeffdingTree,ConceptDriftStream -s generators.AgrawalGenerator -d (generators.AgrawalGenerator -f 3) -p 100000 -w 1,1,23000.0,0.1875,1.8313423626952702E-9,23000.0,91.78695652173913,81.51317829087935,81.27663792248984,74.54177897574122,23000.0,107208.0,33.0,26.0,26.0,6.0,0.0,0.0,1.0
trees.HoeffdingTree,ConceptDriftStream -s generators.AgrawalGenerator -d (generators.AgrawalGenerator -f 3) -p 100000 -w 1,1,24000.0,0.1875,1.8313423626952702E-9,24000.0,91.9,81.77864199393147,81.59265221096487,74.92906886768121,24000.0,108640.0,33.0,26.0,26.0,6.0,0.0,0.0,1.0
trees.HoeffdingTree,ConceptDriftStream -s generators.AgrawalGenerator -d (generators.AgrawalGenerator -f 3) -p 100000 -w 1,1,25000.0,0.203125,2.274820063677099E-9,25000.0,92.0,82.0077366588429,81.84623763274939,75.2505877985398,25000.0,109712.0,33.0,26.0,26.0,6.0,0.0,0.0,1.0
trees.HoeffdingTree,ConceptDriftStream -s generators.AgrawalGenerator -d (generators.AgrawalGenerator -f 3) -p 100000 -w 1,1,26000.0,0.203125,2.274820063677099E-9,26000.0,92.11923076923077,82.2714110199743,82.11729795775877,75.6361474435196,26000.0,109720.0,33.0,26.0,26.0,6.0,0.0,0.0,1.0
trees.HoeffdingTree,ConceptDriftStream -s generators.AgrawalGenerator -d (generators.AgrawalGenerator -f 3) -p 100000 -w 1,1,27000.0,0.21875,2.722728014406231E-9,27000.0,92.2074074074074,82.48272622212478,82.31932773109243,75.94603864182005,27000.0,110808.0,33.0,26.0,26.0,6.0,0.0,0.0,1.0
trees.HoeffdingTree,ConceptDriftStream -s generators.AgrawalGenerator -d (generators.AgrawalGenerator -f 3) -p 100000 -w 1,1,28000.0,0.21875,2.722728014406231E-9,28000.0,92.32857142857142,82.75034060075426,82.56776497321863,76.33057851239668,28000.0,110888.0,33.0,26.0,26.0,6.0,0.0,0.0,1.0
trees.HoeffdingTree,ConceptDriftStream -s generators.AgrawalGenerator -d (generators.AgrawalGenerator -f 3) -p 100000 -w 1,1,29000.0,0.234375,3.198575642373827E-9,29000.0,92.43448275862069,82.97330605843896,82.74343243668399,76.60232483736804,29000.0,117720.0,37.0,28.0,28.0,6.0,0.0,0.0,1.0
trees.HoeffdingTree,ConceptDriftStream -s generators.AgrawalGenerator -d (generators.AgrawalGenerator -f 3) -p 100000 -w 1,1,30000.0,0.234375,3.198575642373827E-9,30000.0,92.46,83.04174294217133,82.82981630484288,76.71881432688348,30000.0,118568.0,37.0,28.0,28.0,6.0,0.0,0.0,1.0
trees.HoeffdingTree,ConceptDriftStream -s generators.AgrawalGenerator -d (generators.AgrawalGenerator -f 3) -p 100000 -w 1,1,31000.0,0.25,3.6784007938371768E-9,31000.0,92.51612903225806,83.1724829853026,82.96747669040452,76.91082802547771,31000.0,118704.0,37.0,28.0,28.0,6.0,0.0,0.0,1.0
trees.HoeffdingTree,ConceptDriftStream -s generators.AgrawalGenerator -d (generators.AgrawalGenerator -f 3) -p 100000 -w 1,1,32000.0,0.265625,4.158484646015697E-9,32000.0,92.578125,83.33666541557182,83.14527003051595,77.17662886796079,32000.0,118768.0,37.0,28.0,28.0,6.0,0.0,0.0,1.0
trees.HoeffdingTree,ConceptDriftStream -s generators.AgrawalGenerator -d (generators.AgrawalGenerator -f 3) -p 100000 -w 1,1,33000.0,0.265625,4.158484646015697E-9,33000.0,92.62727272727273,83.45451535423612,83.26915142346306,77.36533631035445,33000.0,118808.0,37.0,28.0,28.0,6.0,0.0,0.0,1.0
trees.HoeffdingTree,ConceptDriftStream -s generators.AgrawalGenerator -d (generators.AgrawalGenerator -f 3) -p 100000 -w 1,1,34000.0,0.28125,4.6387948613199925E-9,34000.0,92.66176470588235,83.53857225913599,83.38217663514054,77.48601335499008,34000.0,118824.0,37.0,28.0,28.0,6.0,0.0,0.0,1.0
trees.HoeffdingTree,ConceptDriftStream -s generators.AgrawalGenerator -d (generators.AgrawalGenerator -f 3) -p 100000 -w 1,1,35000.0,0.28125,4.6387948613199925E-9,35000.0,92.68285714285715,83.59343460924545,83.43574154323782,77.57246694106314,35000.0,118872.0,37.0,28.0,28.0,6.0,0.0,0.0,1.0
trees.HoeffdingTree,ConceptDriftStream -s generators.AgrawalGenerator -d (generators.AgrawalGenerator -f 3) -p 100000 -w 1,1,36000.0,0.296875,5.119396114928855E-9,36000.0,92.72500000000001,83.67935137168332,83.52415702063412,77.6916524701874,36000.0,118896.0,37.0,28.0,28.0,6.0,0.0,0.0,1.0
trees.HoeffdingTree,ConceptDriftStream -s generators.AgrawalGenerator -d (generators.AgrawalGenerator -f 3) -p 100000 -w 1,1,37000.0,0.296875,5.119396114928855E-9,37000.0,92.7945945945946,83.83271168769627,83.67921640648913,77.9231533620404,37000.0,118912.0,37.0,28.0,28.0,6.0,0.0,0.0,1.0
trees.HoeffdingTree,ConceptDriftStream -s generators.AgrawalGenerator -d (generators.AgrawalGenerator -f 3) -p 100000 -w 1,1,38000.0,0.3125,5.600159056484699E-9,38000.0,92.84210526315789,83.94346873141065,83.79312399451825,78.09454779737456,38000.0,118936.0,37.0,28.0,28.0,6.0,0.0,0.0,1.0
trees.HoeffdingTree,ConceptDriftStream -s generators.AgrawalGenerator -d (generators.AgrawalGenerator -f 3) -p 100000 -w 1,1,39000.0,0.3125,5.600159056484699E-9,39000.0,92.8923076923077,84.05999439000507,83.93974507531865,78.2724564978837,39000.0,118952.0,37.0,28.0,28.0,6.0,0.0,0.0,1.0
trees.HoeffdingTree,ConceptDriftStream -s generators.AgrawalGenerator -d (generators.AgrawalGenerator -f 3) -p 100000 -w 1,1,40000.0,0.3125,5.600159056484699E-9,40000.0,92.9625,84.20727806720693,84.08525554047944,78.47694777888219,40000.0,118952.0,37.0,28.0,28.0,6.0,0.0,0.0,1.0
trees.HoeffdingTree,ConceptDriftStream -s generators.AgrawalGenerator -d (generators.AgrawalGenerator -f 3) -p 100000 -w 1,1,41000.0,0.328125,6.080986673219336E-9,41000.0,93.0170731707317,84.33688325905727,84.20588073040217,78.68046764464965,41000.0,118952.0,37.0,28.0,28.0,6.0,0.0,0.0,1.0
trees.HoeffdingTree,ConceptDriftStream -s generators.AgrawalGenerator -d (generators.AgrawalGenerator -f 3) -p 100000 -w 1,1,42000.0,0.328125,6.080986673219336E-9,42000.0,93.02619047619048,84.36368757575511,84.2323428079242,78.73375444710665,42000.0,118960.0,37.0,28.0,28.0,6.0,0.0,0.0,1.0
trees.HoeffdingTree,ConceptDriftStream -s generators.AgrawalGenerator -d (generators.AgrawalGenerator -f 3) -p 100000 -w 1,1,43000.0,0.34375,6.561846627543369E-9,43000.0,93.04883720930232,84.40611955956875,84.27007683401747,78.78185561155676,43000.0,118960.0,37.0,28.0,28.0,6.0,0.0,0.0,1.0
trees.HoeffdingTree,ConceptDriftStream -s generators.AgrawalGenerator -d (generators.AgrawalGenerator -f 3) -p 100000 -w 1,1,44000.0,0.34375,6.561846627543369E-9,44000.0,93.11136363636363,84.53669573216882,84.41324694024476,78.96161588116887,44000.0,118968.0,37.0,28.0,28.0,6.0,0.0,0.0,1.0
trees.HoeffdingTree,ConceptDriftStream -s generators.AgrawalGenerator -d (generators.AgrawalGenerator -f 3) -p 100000 -w 1,1,45000.0,0.359375,7.042738919456799E-9,45000.0,93.16222222222223,84.63044196572991,84.51278437688747,79.07514450867052,45000.0,118968.0,37.0,28.0,28.0,6.0,0.0,0.0,1.0
trees.HoeffdingTree,ConceptDriftStream -s generators.AgrawalGenerator -d (generators.AgrawalGenerator -f 3) -p 100000 -w 1,1,46000.0,0.359375,7.042738919456799E-9,46000.0,93.19565217391305,84.7092008173218,84.59342390234299,79.19989367357789,46000.0,118976.0,37.0,28.0,28.0,6.0,0.0,0.0,1.0
trees.HoeffdingTree,ConceptDriftStream -s generators.AgrawalGenerator -d (generators.AgrawalGenerator -f 3) -p 100000 -w 1,1,47000.0,0.375,7.523663548959626E-9,47000.0,93.25106382978723,84.82584306266916,84.71177944862154,79.35836532830089,47000.0,118976.0,37.0,28.0,28.0,6.0,0.0,0.0,1.0
trees.HoeffdingTree,ConceptDriftStream -s generators.AgrawalGenerator -d (generators.AgrawalGenerator -f 3) -p 100000 -w 1,1,48000.0,0.375,7.523663548959626E-9,48000.0,93.2625,84.84013443622528,84.73304064580088,79.37763040428518,48000.0,118976.0,37.0,28.0,28.0,6.0,0.0,0.0,1.0
trees.HoeffdingTree,ConceptDriftStream -s generators.AgrawalGenerator -d (generators.AgrawalGenerator -f 3) -p 100000 -w 1,1,49000.0,0.390625,8.00462051605185E-9,49000.0,93.27755102040817,84.84911495987609,84.73162139612498,79.36348828467612,49000.0,118984.0,37.0,28.0,28.0,6.0,0.0,0.0,1.0
trees.HoeffdingTree,ConceptDriftStream -s generators.AgrawalGenerator -d (generators.AgrawalGenerator -f 3) -p 100000 -w 1,1,50000.0,0.390625,8.00462051605185E-9,50000.0,93.31,84.92106302262853,84.80443374369692,79.45962542216765,50000.0,118992.0,37.0,28.0,28.0,6.0,0.0,0.0,1.0
trees.HoeffdingTree,ConceptDriftStream -s generators.AgrawalGenerator -d (generators.AgrawalGenerator -f 3) -p 100000 -w 1,1,51000.0,0.390625,8.00462051605185E-9,51000.0,93.35686274509804,85.02988670990669,84.9221183800623,79.62105263157892,51000.0,119000.0,37.0,28.0,28.0,6.0,0.0,0.0,1.0
trees.HoeffdingTree,ConceptDriftStream -s generators.AgrawalGenerator -d (generators.AgrawalGenerator -f 3) -p 100000 -w 1,1,52000.0,0.40625,8.485642158322865E-9,52000.0,93.4,85.12163840934015,85.02748451269524,79.75221238938055,52000.0,119000.0,37.0,28.0,28.0,6.0,0.0,0.0,1.0
trees.HoeffdingTree,ConceptDriftStream -s generators.AgrawalGenerator -d (generators.AgrawalGenerator -f 3) -p 100000 -w 1,1,53000.0,0.421875,8.96666380059388E-9,53000.0,93.43396226415094,85.18667514411197,85.09125182075228,79.83193277310923,53000.0,119000.0,37.0,28.0,28.0,6.0,0.0,0.0,1.0
trees.HoeffdingTree,ConceptDriftStream -s generators.AgrawalGenerator -d (generators.AgrawalGenerator -f 3) -p 100000 -w 1,1,54000.0,0.421875,8.96666380059388E-9,54000.0,93.45740740740742,85.22699374326459,85.13172291894622,79.87697214786127,54000.0,119008.0,37.0,28.0,28.0,6.0,0.0,0.0,1.0
trees.HoeffdingTree,ConceptDriftStream -s generators.AgrawalGenerator -d (generators.AgrawalGenerator -f 3) -p 100000 -w 1,1,55000.0,0.4375,9.447717780454292E-9,55000.0,93.4890909090909,85.30259001265341,85.21103493846536,79.99105995418228,55000.0,119008.0,37.0,28.0,28.0,6.0,0.0,0.0,1.0
trees.HoeffdingTree,ConceptDriftStream -s generators.AgrawalGenerator -d (generators.AgrawalGenerator -f 3) -p 100000 -w 1,1,56000.0,0.4375,9.447717780454292E-9,56000.0,93.54107142857143,85.42096083088835,85.33252230332523,80.16451878256102,56000.0,119008.0,37.0,28.0,28.0,6.0,0.0,0.0,1.0
trees.HoeffdingTree,ConceptDriftStream -s generators.AgrawalGenerator -d (generators.AgrawalGenerator -f 3) -p 100000 -w 1,1,57000.0,0.4375,9.447717780454292E-9,57000.0,93.57368421052632,85.4913851886574,85.41799363057326,80.2586903799515,57000.0,119008.0,37.0,28.0,28.0,6.0,0.0,0.0,1.0
trees.HoeffdingTree,ConceptDriftStream -s generators.AgrawalGenerator -d (generators.AgrawalGenerator -f 3) -p 100000 -w 1,1,58000.0,0.453125,9.928771760314704E-9,58000.0,93.58620689655173,85.51780220271168,85.45625146610368,80.30495552731894,58000.0,119008.0,37.0,28.0,28.0,6.0,0.0,0.0,1.0
trees.HoeffdingTree,ConceptDriftStream -s generators.AgrawalGenerator -d (generators.AgrawalGenerator -f 3) -p 100000 -w 1,1,59000.0,0.453125,9.928771760314704E-9,59000.0,93.59661016949153,85.54839966935917,85.47649252296928,80.35872108136209,59000.0,119008.0,37.0,28.0,28.0,6.0,0.0,0.0,1.0
trees.HoeffdingTree,ConceptDriftStream -s generators.AgrawalGenerator -d (generators.AgrawalGenerator -f 3) -p 100000 -w 1,1,60000.0,0.453125,9.928771760314704E-9,60000.0,93.63166666666667,85.6136104627614,85.54020813623463,80.43723121032153,60000.0,119016.0,37.0,28.0,28.0,6.0,0.0,0.0,1.0
trees.HoeffdingTree,ConceptDriftStream -s generators.AgrawalGenerator -d (generators.AgrawalGenerator -f 3) -p 100000 -w 1,1,61000.0,0.46875,1.0409858077764513E-8,61000.0,93.67213114754098,85.70598972124799,85.64148346538704,80.57079579201691,61000.0,119016.0,37.0,28.0,28.0,6.0,0.0,0.0,1.0
trees.HoeffdingTree,ConceptDriftStream -s generators.AgrawalGenerator -d (generators.AgrawalGenerator -f 3) -p 100000 -w 1,1,62000.0,0.46875,1.0409858077764513E-8,62000.0,93.69354838709677,85.74874859174685,85.69337724112695,80.63205864870218,62000.0,119016.0,37.0,28.0,28.0,6.0,0.0,0.0,1.0
trees.HoeffdingTree,ConceptDriftStream -s generators.AgrawalGenerator -d (generators.AgrawalGenerator -f 3) -p 100000 -w 1,1,63000.0,0.46875,1.0409858077764513E-8,63000.0,93.72063492063492,85.81189255400221,85.75953923686103,80.72030800721282,63000.0,119016.0,37.0,28.0,28.0,6.0,0.0,0.0,1.0
trees.HoeffdingTree,ConceptDriftStream -s generators.AgrawalGenerator -d (generators.AgrawalGenerator -f 3) -p 100000 -w 1,1,64000.0,0.484375,1.089094439521432E-8,64000.0,93.7375,85.84975003194414,85.79730687455705,80.77974392173786,64000.0,119016.0,37.0,28.0,28.0,6.0,0.0,0.0,1.0
trees.HoeffdingTree,ConceptDriftStream -s generators.AgrawalGenerator -d (generators.AgrawalGenerator -f 3) -p 100000 -w 1,1,65000.0,0.484375,1.089094439521432E-8,65000.0,93.76307692307692,85.90366443484191,85.8558369967204,80.85387739680742,65000.0,119016.0,37.0,28.0,28.0,6.0,0.0,0.0,1.0
trees.HoeffdingTree,ConceptDriftStream -s generators.AgrawalGenerator -d (generators.AgrawalGenerator -f 3) -p 100000 -w 1,1,66000.0,0.484375,1.089094439521432E-8,66000.0,93.78030303030303,85.94065607440375,85.90170690661812,80.90608865528628,66000.0,119016.0,37.0,28.0,28.0,6.0,0.0,0.0,1.0
trees.HoeffdingTree,ConceptDriftStream -s generators.AgrawalGenerator -d (generators.AgrawalGenerator -f 3) -p 100000 -w 1,1,67000.0,0.5,1.1372030712664128E-8,67000.0,93.80149253731344,85.98652760635377,85.95060893098783,80.96874713591788,67000.0,119016.0,37.0,28.0,28.0,6.0,0.0,0.0,1.0
trees.HoeffdingTree,ConceptDriftStream -s generators.AgrawalGenerator -d (generators.AgrawalGenerator -f 3) -p 100000 -w 1,1,68000.0,0.5,1.1372030712664128E-8,68000.0,93.82352941176471,86.0405638905614,86.01072511074844,81.04778665222689,68000.0,119016.0,37.0,28.0,28.0,6.0,0.0,0.0,1.0
trees.HoeffdingTree,ConceptDriftStream -s generators.AgrawalGenerator -d (generators.AgrawalGenerator -f 3) -p 100000 -w 1,1,69000.0,0.5,1.1372030712664128E-8,69000.0,93.83188405797101,86.05402051213932,86.02252947551644,81.06424630717211,69000.0,119016.0,37.0,28.0,28.0,6.0,0.0,0.0,1.0
trees.HoeffdingTree,ConceptDriftStream -s generators.AgrawalGenerator -d (generators.AgrawalGenerator -f 3) -p 100000 -w 1,1,70000.0,0.5,1.1372030712664128E-8,70000.0,93.85285714285713,86.10427073643379,86.07308152895102,81.14125432791339,70000.0,119016.0,37.0,28.0,28.0,6.0,0.0,0.0,1.0
trees.HoeffdingTree,ConceptDriftStream -s generators.AgrawalGenerator -d (generators.AgrawalGenerator -f 3) -p 100000 -w 1,1,71000.0,0.515625,1.1853117030113935E-8,71000.0,93.86197183098591,86.12280458183086,86.0944479897894,81.17006567576908,71000.0,119016.0,37.0,28.0,28.0,6.0,0.0,0.0,1.0
trees.HoeffdingTree,ConceptDriftStream -s generators.AgrawalGenerator -d (generators.AgrawalGenerator -f 3) -p 100000 -w 1,1,72000.0,0.515625,1.1853117030113935E-8,72000.0,93.88194444444444,86.16420851294735,86.14169760271817,81.22415924299902,72000.0,119016.0,37.0,28.0,28.0,6.0,0.0,0.0,1.0
trees.HoeffdingTree,ConceptDriftStream -s generators.AgrawalGenerator -d (generators.AgrawalGenerator -f 3) -p 100000 -w 1,1,73000.0,0.515625,1.1853117030113935E-8,73000.0,93.87945205479453,86.15076897141518,86.12206864419942,81.2047787312805,73000.0,119016.0,37.0,28.0,28.0,6.0,0.0,0.0,1.0
trees.HoeffdingTree,ConceptDriftStream -s generators.AgrawalGenerator -d (generators.AgrawalGenerator -f 3) -p 100000 -w 1,1,74000.0,0.53125,1.2334203347563742E-8,74000.0,93.89864864864865,86.20044608108158,86.16643176665238,81.2880765883377,74000.0,119016.0,37.0,28.0,28.0,6.0,0.0,0.0,1.0
trees.HoeffdingTree,ConceptDriftStream -s generators.AgrawalGenerator -d (generators.AgrawalGenerator -f 3) -p 100000 -w 1,1,75000.0,0.546875,1.281528966501355E-8,75000.0,93.90933333333334,86.22700473112036,86.1952251435479,81.33300641575742,75000.0,119016.0,37.0,28.0,28.0,6.0,0.0,0.0,1.0
trees.HoeffdingTree,ConceptDriftStream -s generators.AgrawalGenerator -d (generators.AgrawalGenerator -f 3) -p 100000 -w 1,1,76000.0,0.546875,1.281528966501355E-8,76000.0,93.92368421052632,86.26084614746618,86.23957091775924,81.38128452203362,76000.0,119016.0,37.0,28.0,28.0,6.0,0.0,0.0,1.0
trees.HoeffdingTree,ConceptDriftStream -s generators.AgrawalGenerator -d (generators.AgrawalGenerator -f 3) -p 100000 -w 1,1,77000.0,0.546875,1.281528966501355E-8,77000.0,93.92337662337663,86.26381153137639,86.24672996090649,81.39340676820296,77000.0,119016.0,37.0,28.0,28.0,6.0,0.0,0.0,1.0
trees.HoeffdingTree,ConceptDriftStream -s generators.AgrawalGenerator -d (generators.AgrawalGenerator -f 3) -p 100000 -w 1,1,78000.0,0.546875,1.281528966501355E-8,78000.0,93.92307692307692,86.25831307015567,86.24212695556265,81.38256087981146,78000.0,119016.0,37.0,28.0,28.0,6.0,0.0,0.0,1.0
trees.HoeffdingTree,ConceptDriftStream -s generators.AgrawalGenerator -d (generators.AgrawalGenerator -f 3) -p 100000 -w 1,1,79000.0,0.5625,1.3296375982463357E-8,79000.0,93.93924050632911,86.29057176279316,86.27765676946005,81.42313959804454,79000.0,119016.0,37.0,28.0,28.0,6.0,0.0,0.0,1.0
trees.HoeffdingTree,ConceptDriftStream -s generators.AgrawalGenerator -d (generators.AgrawalGenerator -f 3) -p 100000 -w 1,1,80000.0,0.5625,1.3296375982463357E-8,80000.0,93.94500000000001,86.30152392690108,86.28927257288423,81.43776824034336,80000.0,119016.0,37.0,28.0,28.0,6.0,0.0,0.0,1.0
trees.HoeffdingTree,ConceptDriftStream -s generators.AgrawalGenerator -d (generators.AgrawalGenerator -f 3) -p 100000 -w 1,1,81000.0,0.5625,1.3296375982463357E-8,81000.0,93.94938271604939,86.31448933330583,86.30699597675458,81.46228912928359,81000.0,119016.0,37.0,28.0,28.0,6.0,0.0,0.0,1.0
trees.HoeffdingTree,ConceptDriftStream -s generators.AgrawalGenerator -d (generators.AgrawalGenerator -f 3) -p 100000 -w 1,1,82000.0,0.5625,1.3296375982463357E-8,82000.0,93.96341463414633,86.34535446029429,86.33502650176678,81.50500672545208,82000.0,119016.0,37.0,28.0,28.0,6.0,0.0,0.0,1.0
trees.HoeffdingTree,ConceptDriftStream -s generators.AgrawalGenerator -d (generators.AgrawalGenerator -f 3) -p 100000 -w 1,1,83000.0,0.578125,1.3777462299913164E-8,83000.0,93.96987951807229,86.35356088059933,86.34602793539938,81.50816522574446,83000.0,119016.0,37.0,28.0,28.0,6.0,0.0,0.0,1.0
trees.HoeffdingTree,ConceptDriftStream -s generators.AgrawalGenerator -d (generators.AgrawalGenerator -f 3) -p 100000 -w 1,1,84000.0,0.578125,1.3777462299913164E-8,84000.0,93.97261904761905,86.36035085575722,86.35383537275617,81.52324647835924,84000.0,119016.0,37.0,28.0,28.0,6.0,0.0,0.0,1.0
trees.HoeffdingTree,ConceptDriftStream -s generators.AgrawalGenerator -d (generators.AgrawalGenerator -f 3) -p 100000 -w 1,1,85000.0,0.59375,1.4258548617362972E-8,85000.0,93.98588235294118,86.39037789920249,86.38578923539907,81.56110229404125,85000.0,119016.0,37.0,28.0,28.0,6.0,0.0,0.0,1.0
trees.HoeffdingTree,ConceptDriftStream -s generators.AgrawalGenerator -d (generators.AgrawalGenerator -f 3) -p 100000 -w 1,1,86000.0,0.59375,1.4258548617362972E-8,86000.0,94.00348837209303,86.4267922686574,86.41643619122877,81.60710464369785,86000.0,119016.0,37.0,28.0,28.0,6.0,0.0,0.0,1.0
trees.HoeffdingTree,ConceptDriftStream -s generators.AgrawalGenerator -d (generators.AgrawalGenerator -f 3) -p 100000 -w 1,1,87000.0,0.59375,1.4258548617362972E-8,87000.0,94.00229885057472,86.4258197656382,86.41287365899386,81.6079799795566,87000.0,119024.0,37.0,28.0,28.0,6.0,0.0,0.0,1.0
trees.HoeffdingTree,ConceptDriftStream -s generators.AgrawalGenerator -d (generators.AgrawalGenerator -f 3) -p 100000 -w 1,1,88000.0,0.609375,1.4739667272402176E-8,88000.0,94.01363636363637,86.45823206659018,86.44434151613402,81.66440430197348,88000.0,119024.0,37.0,28.0,28.0,6.0,0.0,0.0,1.0
trees.HoeffdingTree,ConceptDriftStream -s generators.AgrawalGenerator -d (generators.AgrawalGenerator -f 3) -p 100000 -w 1,1,89000.0,0.609375,1.4739667272402176E-8,89000.0,94.0191011235955,86.47334377558785,86.45857182833447,81.68776661621027,89000.0,119032.0,37.0,28.0,28.0,6.0,0.0,0.0,1.0
trees.HoeffdingTree,ConceptDriftStream -s generators.AgrawalGenerator -d (generators.AgrawalGenerator -f 3) -p 100000 -w 1,1,90000.0,0.625,1.5220818265030775E-8,90000.0,94.02888888888889,86.49836119902021,86.49307562771759,81.72916737497023,90000.0,119032.0,37.0,28.0,28.0,6.0,0.0,0.0,1.0
trees.HoeffdingTree,ConceptDriftStream -s generators.AgrawalGenerator -d (generators.AgrawalGenerator -f 3) -p 100000 -w 1,1,91000.0,0.625,1.5220818265030775E-8,91000.0,94.03296703296704,86.5084365504194,86.50629954523991,81.75096622416399,91000.0,119032.0,37.0,28.0,28.0,6.0,0.0,0.0,1.0
trees.HoeffdingTree,ConceptDriftStream -s generators.AgrawalGenerator -d (generators.AgrawalGenerator -f 3) -p 100000 -w 1,1,92000.0,0.640625,1.5701969257659376E-8,92000.0,94.04021739130435,86.52629902769665,86.52295742798152,81.77315338075925,92000.0,119032.0,37.0,28.0,28.0,6.0,0.0,0.0,1.0
trees.HoeffdingTree,ConceptDriftStream -s generators.AgrawalGenerator -d (generators.AgrawalGenerator -f 3) -p 100000 -w 1,1,93000.0,0.640625,1.5701969257659376E-8,93000.0,94.04623655913979,86.53675290994994,86.53322307617472,81.78378734043953,93000.0,119032.0,37.0,28.0,28.0,6.0,0.0,0.0,1.0
trees.HoeffdingTree,ConceptDriftStream -s generators.AgrawalGenerator -d (generators.AgrawalGenerator -f 3) -p 100000 -w 1,1,94000.0,0.640625,1.5701969257659376E-8,94000.0,94.05851063829788,86.56582886389566,86.56159769008663,81.82439468888312,94000.0,119032.0,37.0,28.0,28.0,6.0,0.0,0.0,1.0
trees.HoeffdingTree,ConceptDriftStream -s generators.AgrawalGenerator -d (generators.AgrawalGenerator -f 3) -p 100000 -w 1,1,95000.0,0.65625,1.6183120250287977E-8,95000.0,94.06421052631579,86.58127342982476,86.57668594824919,81.85358004827033,95000.0,119032.0,37.0,28.0,28.0,6.0,0.0,0.0,1.0
trees.HoeffdingTree,ConceptDriftStream -s generators.AgrawalGenerator -d (generators.AgrawalGenerator -f 3) -p 100000 -w 1,1,96000.0,0.65625,1.6183120250287977E-8,96000.0,94.07708333333333,86.60936645692613,86.59910440725902,81.89056627810689,96000.0,119032.0,37.0,28.0,28.0,6.0,0.0,0.0,1.0
trees.HoeffdingTree,ConceptDriftStream -s generators.AgrawalGenerator -d (generators.AgrawalGenerator -f 3) -p 100000 -w 1,1,97000.0,0.65625,1.6183120250287977E-8,97000.0,94.07835051546391,86.61089762498128,86.59635039902925,81.89554638005484,97000.0,119032.0,37.0,28.0,28.0,6.0,0.0,0.0,1.0
trees.HoeffdingTree,ConceptDriftStream -s generators.AgrawalGenerator -d (generators.AgrawalGenerator -f 3) -p 100000 -w 1,1,98000.0,0.671875,1.666427124291658E-8,98000.0,94.08367346938775,86.6199882520556,86.6001063116781,81.90217560945156,98000.0,119032.0,37.0,28.0,28.0,6.0,0.0,0.0,1.0
trees.HoeffdingTree,ConceptDriftStream -s generators.AgrawalGenerator -d (generators.AgrawalGenerator -f 3) -p 100000 -w 1,1,99000.0,0.671875,1.666427124291658E-8,99000.0,94.08585858585859,86.61922550344497,86.59815052188243,81.8926859440235,99000.0,119032.0,37.0,28.0,28.0,6.0,0.0,0.0,1.0
trees.HoeffdingTree,ConceptDriftStream -s generators.AgrawalGenerator -d (generators.AgrawalGenerator -f 3) -p 100000 -w 1,1,100000.0,0.671875,1.666427124291658E-8,100000.0,94.096,86.64090676282626,86.61770705834354,81.91951981380537,100000.0,119032.0,37.0,28.0,28.0,6.0,0.0,0.0,1.0
trees.HoeffdingTree,ConceptDriftStream -s generators.AgrawalGenerator -d (generators.AgrawalGenerator -f 3) -p 100000 -w 1,1,101000.0,0.6875,1.7273155713660845E-8,101000.0,93.75346534653465,85.90107535519734,85.85616284804733,80.9493613551952,101000.0,150632.0,47.0,36.0,36.0,6.0,0.0,0.0,1.0
trees.HoeffdingTree,ConceptDriftStream -s generators.AgrawalGenerator -d (generators.AgrawalGenerator -f 3) -p 100000 -w 1,1,102000.0,0.6875,1.7273155713660845E-8,102000.0,93.55588235294118,85.5014670436045,85.41828426913948,80.42992824604758,102000.0,150664.0,47.0,36.0,36.0,6.0,0.0,0.0,1.0
trees.HoeffdingTree,ConceptDriftStream -s generators.AgrawalGenerator -d (generators.AgrawalGenerator -f 3) -p 100000 -w 1,1,103000.0,0.703125,1.7882169534762696E-8,103000.0,93.37669902912621,85.14114238668833,85.0394736842105,79.96122664786745,103000.0,150664.0,47.0,36.0,36.0,6.0,0.0,0.0,1.0
trees.HoeffdingTree,ConceptDriftStream -s generators.AgrawalGenerator -d (generators.AgrawalGenerator -f 3) -p 100000 -w 1,1,104000.0,0.703125,1.7882169534762696E-8,104000.0,93.21826923076924,84.82800708292748,84.698327294817,79.56066884979862,104000.0,151168.0,51.0,38.0,38.0,6.0,0.0,0.0,1.0
trees.HoeffdingTree,ConceptDriftStream -s generators.AgrawalGenerator -d (generators.AgrawalGenerator -f 3) -p 100000 -w 1,1,105000.0,0.71875,1.8569440322203763E-8,105000.0,93.02,84.42759938531115,84.26307652666839,79.04922531587675,105000.0,170024.0,57.0,41.0,41.0,6.0,0.0,0.0,1.0
trees.HoeffdingTree,ConceptDriftStream -s generators.AgrawalGenerator -d (generators.AgrawalGenerator -f 3) -p 100000 -w 1,1,106000.0,0.734375,1.9257390199022154E-8,106000.0,92.87547169811322,84.1482036816658,83.95989974937343,78.70336425932716,106000.0,170192.0,57.0,41.0,41.0,6.0,0.0,0.0,1.0
trees.HoeffdingTree,ConceptDriftStream -s generators.AgrawalGenerator -d (generators.AgrawalGenerator -f 3) -p 100000 -w 1,1,107000.0,0.734375,1.9257390199022154E-8,107000.0,92.6981308411215,83.79747097614575,83.58682408302172,78.26643300230882,107000.0,170248.0,57.0,41.0,41.0,6.0,0.0,0.0,1.0
trees.HoeffdingTree,ConceptDriftStream -s generators.AgrawalGenerator -d (generators.AgrawalGenerator -f 3) -p 100000 -w 1,1,108000.0,0.75,1.9945598776555716E-8,108000.0,92.54074074074074,83.49268036159174,83.24459234608986,77.88392906165927,108000.0,170256.0,57.0,41.0,41.0,6.0,0.0,0.0,1.0
trees.HoeffdingTree,ConceptDriftStream -s generators.AgrawalGenerator -d (generators.AgrawalGenerator -f 3) -p 100000 -w 1,1,109000.0,0.75,1.9945598776555716E-8,109000.0,92.38440366972476,83.18552042585749,82.90181054192671,77.50406504065039,109000.0,174616.0,59.0,42.0,42.0,6.0,0.0,0.0,1.0
trees.HoeffdingTree,ConceptDriftStream -s generators.AgrawalGenerator -d (generators.AgrawalGenerator -f 3) -p 100000 -w 1,1,110000.0,0.765625,2.0664269363300662E-8,110000.0,92.21454545454544,82.85065920441086,82.53563635622079,77.0850614079683,110000.0,177792.0,61.0,43.0,43.0,6.0,0.0,0.0,1.0
trees.HoeffdingTree,ConceptDriftStream -s generators.AgrawalGenerator -d (generators.AgrawalGenerator -f 3) -p 100000 -w 1,1,111000.0,0.765625,2.0664269363300662E-8,111000.0,92.06486486486486,82.56110534815089,82.22509232538897,76.72734959177741,111000.0,175224.0,63.0,44.0,44.0,6.0,0.0,0.0,1.0
trees.HoeffdingTree,ConceptDriftStream -s generators.AgrawalGenerator -d (generators.AgrawalGenerator -f 3) -p 100000 -w 1,1,112000.0,0.765625,2.0664269363300662E-8,112000.0,91.91071428571429,82.2664982258026,81.90713929106342,76.3705596995462,112000.0,183696.0,63.0,44.0,44.0,6.0,0.0,0.0,1.0
trees.HoeffdingTree,ConceptDriftStream -s generators.AgrawalGenerator -d (generators.AgrawalGenerator -f 3) -p 100000 -w 1,1,113000.0,0.765625,2.0664269363300662E-8,113000.0,91.79115044247787,82.04656126059618,81.65783437475282,76.11801961844442,113000.0,183824.0,63.0,44.0,44.0,6.0,0.0,0.0,1.0
trees.HoeffdingTree,ConceptDriftStream -s generators.AgrawalGenerator -d (generators.AgrawalGenerator -f 3) -p 100000 -w 1,1,114000.0,0.765625,2.0664269363300662E-8,114000.0,91.69912280701755,81.88143330153788,81.47053064421382,75.92846967846968,114000.0,183840.0,63.0,44.0,44.0,6.0,0.0,0.0,1.0
trees.HoeffdingTree,ConceptDriftStream -s generators.AgrawalGenerator -d (generators.AgrawalGenerator -f 3) -p 100000 -w 1,1,115000.0,0.78125,2.1463816261125928E-8,115000.0,91.58,81.66118930568655,81.2228513807012,75.66718600794088,115000.0,197800.0,68.0,48.0,48.0,7.0,0.0,0.0,1.0
trees.HoeffdingTree,ConceptDriftStream -s generators.AgrawalGenerator -d (generators.AgrawalGenerator -f 3) -p 100000 -w 1,1,116000.0,0.78125,2.1463816261125928E-8,116000.0,91.46465517241379,81.44761304066313,80.97790585975024,75.41345915073254,116000.0,198080.0,68.0,48.0,48.0,7.0,0.0,0.0,1.0
trees.HoeffdingTree,ConceptDriftStream -s generators.AgrawalGenerator -d (generators.AgrawalGenerator -f 3) -p 100000 -w 1,1,117000.0,0.78125,2.1463816261125928E-8,117000.0,91.33333333333333,81.20059847693028,80.71546756432933,75.10617926496943,117000.0,198096.0,68.0,48.0,48.0,7.0,0.0,0.0,1.0
trees.HoeffdingTree,ConceptDriftStream -s generators.AgrawalGenerator -d (generators.AgrawalGenerator -f 3) -p 100000 -w 1,1,118000.0,0.796875,2.2264980038421016E-8,118000.0,91.20847457627119,80.96574140705222,80.45628379269417,74.819165978931,118000.0,198200.0,68.0,48.0,48.0,7.0,0.0,0.0,1.0
trees.HoeffdingTree,ConceptDriftStream -s generators.AgrawalGenerator -d (generators.AgrawalGenerator -f 3) -p 100000 -w 1,1,119000.0,0.796875,2.2264980038421016E-8,119000.0,91.0873949579832,80.73967998849061,80.197539162419,74.54152664426307,119000.0,198216.0,68.0,48.0,48.0,7.0,0.0,0.0,1.0
trees.HoeffdingTree,ConceptDriftStream -s generators.AgrawalGenerator -d (generators.AgrawalGenerator -f 3) -p 100000 -w 1,1,120000.0,0.8125,2.3141264035883873E-8,120000.0,90.95833333333333,80.49496370794672,79.9267372160142,74.2378193560642,120000.0,216784.0,78.0,56.0,56.0,7.0,0.0,0.0,1.0
trees.HoeffdingTree,ConceptDriftStream -s generators.AgrawalGenerator -d (generators.AgrawalGenerator -f 3) -p 100000 -w 1,1,121000.0,0.828125,2.4063920136541123E-8,121000.0,90.85454545454546,80.30600673133902,79.70435037781527,74.0100521396026,121000.0,228256.0,83.0,60.0,60.0,7.0,0.0,0.0,1.0
trees.HoeffdingTree,ConceptDriftStream -s generators.AgrawalGenerator -d (generators.AgrawalGenerator -f 3) -p 100000 -w 1,1,122000.0,0.828125,2.4063920136541123E-8,122000.0,90.75245901639344,80.11862967154799,79.5092537096569,73.78108296537299,122000.0,258840.0,88.0,64.0,64.0,7.0,0.0,0.0,1.0
trees.HoeffdingTree,ConceptDriftStream -s generators.AgrawalGenerator -d (generators.AgrawalGenerator -f 3) -p 100000 -w 1,1,123000.0,0.84375,2.5114051014598866E-8,123000.0,90.67317073170732,79.98291752949625,79.35465294149405,73.63304143970214,123000.0,259792.0,93.0,68.0,68.0,7.0,0.0,0.0,1.0
trees.HoeffdingTree,ConceptDriftStream -s generators.AgrawalGenerator -d (generators.AgrawalGenerator -f 3) -p 100000 -w 1,1,124000.0,0.859375,2.6242018470333675E-8,124000.0,90.5725806451613,79.79981591371963,79.15068932921936,73.4161095192614,124000.0,279048.0,98.0,72.0,72.0,7.0,0.0,0.0,1.0
trees.HoeffdingTree,ConceptDriftStream -s generators.AgrawalGenerator -d (generators.AgrawalGenerator -f 3) -p 100000 -w 1,1,125000.0,0.859375,2.6242018470333675E-8,125000.0,90.4688,79.61316423700737,78.94197288650867,73.2046870431595,125000.0,303256.0,108.0,80.0,80.0,7.0,0.0,0.0,1.0
trees.HoeffdingTree,ConceptDriftStream -s generators.AgrawalGenerator -d (generators.AgrawalGenerator -f 3) -p 100000 -w 1,1,126000.0,0.875,2.754473825916647E-8,126000.0,90.38888888888889,79.46899727360942,78.78453425833463,73.02895322939865,126000.0,322280.0,108.0,80.0,80.0,7.0,0.0,0.0,1.0
trees.HoeffdingTree,ConceptDriftStream -s generators.AgrawalGenerator -d (generators.AgrawalGenerator -f 3) -p 100000 -w 1,1,127000.0,0.890625,2.8895285342716502E-8,127000.0,90.30787401574804,79.3282884601504,78.61795820522175,72.86555122015741,127000.0,334112.0,118.0,88.0,88.0,7.0,0.0,0.0,1.0
trees.HoeffdingTree,ConceptDriftStream -s generators.AgrawalGenerator -d (generators.AgrawalGenerator -f 3) -p 100000 -w 1,1,128000.0,0.90625,3.0460942070931186E-8,128000.0,90.24140625,79.21094800309379,78.48345477408574,72.72528768259929,128000.0,387328.0,133.0,100.0,100.0,7.0,0.0,0.0,1.0
trees.HoeffdingTree,ConceptDriftStream -s generators.AgrawalGenerator -d (generators.AgrawalGenerator -f 3) -p 100000 -w 1,1,129000.0,0.921875,3.205676977005269E-8,129000.0,90.20077519379845,79.15039422399298,78.41985762329927,72.67283496908644,129000.0,394792.0,133.0,100.0,100.0,7.0,0.0,0.0,1.0
trees.HoeffdingTree,ConceptDriftStream -s generators.AgrawalGenerator -d (generators.AgrawalGenerator -f 3) -p 100000 -w 1,1,130000.0,0.921875,3.205676977005269E-8,130000.0,90.16461538461539,79.10087321017271,78.35779210887118,72.64207463197536,130000.0,410736.0,148.0,112.0,112.0,7.0,0.0,0.0,1.0
trees.HoeffdingTree,ConceptDriftStream -s generators.AgrawalGenerator -d (generators.AgrawalGenerator -f 3) -p 100000 -w 1,1,131000.0,0.953125,3.598035416669315E-8,131000.0,90.13587786259542,79.06072072000251,78.30495953796043,72.61940077128448,131000.0,485328.0,173.0,132.0,132.0,7.0,0.0,0.0,1.0
trees.HoeffdingTree,ConceptDriftStream -s generators.AgrawalGenerator -d (generators.AgrawalGenerator -f 3) -p 100000 -w 1,1,132000.0,0.96875,3.807641203618711E-8,132000.0,90.13181818181818,79.06863412487823,78.31241050914055,72.66775777414075,132000.0,518544.0,188.0,144.0,144.0,7.0,0.0,0.0,1.0
trees.HoeffdingTree,ConceptDriftStream -s generators.AgrawalGenerator -d (generators.AgrawalGenerator -f 3) -p 100000 -w 1,1,133000.0,1.0,4.262889787140819E-8,133000.0,90.14812030075188,79.1140395571377,78.36181983320947,72.750904629206,133000.0,563120.0,193.0,148.0,148.0,7.0,0.0,0.0,1.0
trees.HoeffdingTree,ConceptDriftStream -s generators.AgrawalGenerator -d (generators.AgrawalGenerator -f 3) -p 100000 -w 1,1,134000.0,1.03125,4.7286739572882645E-8,134000.0,90.18059701492537,79.19756717725394,78.44364351245083,72.90083410565337,134000.0,576152.0,193.0,148.0,148.0,7.0,0.0,0.0,1.0
trees.HoeffdingTree,ConceptDriftStream -s generators.AgrawalGenerator -d (generators.AgrawalGenerator -f 3) -p 100000 -w 1,1,135000.0,1.046875,4.962303339400225E-8,135000.0,90.21703703703704,79.28960024241827,78.5381152802379,73.06013381201045,135000.0,577976.0,198.0,152.0,152.0,7.0,0.0,0.0,1.0
trees.HoeffdingTree,ConceptDriftStream -s generators.AgrawalGenerator -d (generators.AgrawalGenerator -f 3) -p 100000 -w 1,1,136000.0,1.0625,5.202914407062861E-8,136000.0,90.25367647058825,79.3800521797555,78.62510481842226,73.21627028228497,136000.0,595248.0,198.0,152.0,152.0,7.0,0.0,0.0,1.0
trees.HoeffdingTree,ConceptDriftStream -s generators.AgrawalGenerator -d (generators.AgrawalGenerator -f 3) -p 100000 -w 1,1,137000.0,1.078125,5.44707290828228E-8,137000.0,90.28905109489051,79.46279387824053,78.7091715076736,73.34989283067247,137000.0,604024.0,203.0,156.0,156.0,7.0,0.0,0.0,1.0
trees.HoeffdingTree,ConceptDriftStream -s generators.AgrawalGenerator -d (generators.AgrawalGenerator -f 3) -p 100000 -w 1,1,138000.0,1.09375,5.694316415530112E-8,138000.0,90.33115942028985,79.56413807186935,78.819290113658,73.52106526959177,138000.0,611656.0,203.0,156.0,156.0,7.0,0.0,0.0,1.0
trees.HoeffdingTree,ConceptDriftStream -s generators.AgrawalGenerator -d (generators.AgrawalGenerator -f 3) -p 100000 -w 1,1,139000.0,1.109375,5.941608429162038E-8,139000.0,90.37553956834532,79.67142639345535,78.92265759165602,73.70055830777699,139000.0,611776.0,203.0,156.0,156.0,7.0,0.0,0.0,1.0
trees.HoeffdingTree,ConceptDriftStream -s generators.AgrawalGenerator -d (generators.AgrawalGenerator -f 3) -p 100000 -w 1,1,140000.0,1.125,6.189812362814943E-8,140000.0,90.41357142857143,79.76673452516859,79.02673813505024,73.8718218276681,140000.0,614032.0,203.0,156.0,156.0,7.0,0.0,0.0,1.0
trees.HoeffdingTree,ConceptDriftStream -s generators.AgrawalGenerator -d (generators.AgrawalGenerator -f 3) -p 100000 -w 1,1,141000.0,1.15625,6.697971710107393E-8,141000.0,90.45248226950355,79.86533109969788,79.11767443303445,74.04815607348716,141000.0,628568.0,208.0,160.0,160.0,7.0,0.0,0.0,1.0
trees.HoeffdingTree,ConceptDriftStream -s generators.AgrawalGenerator -d (generators.AgrawalGenerator -f 3) -p 100000 -w 1,1,142000.0,1.171875,6.95345483513342E-8,142000.0,90.4894366197183,79.95167417083043,79.209643154038,74.19361002828099,142000.0,632040.0,208.0,160.0,160.0,7.0,0.0,0.0,1.0
trees.HoeffdingTree,ConceptDriftStream -s generators.AgrawalGenerator -d (generators.AgrawalGenerator -f 3) -p 100000 -w 1,1,143000.0,1.1875,7.209355115062661E-8,143000.0,90.53636363636363,80.05973218799186,79.31303311015317,74.36689080405343,143000.0,633072.0,208.0,160.0,160.0,7.0,0.0,0.0,1.0
trees.HoeffdingTree,ConceptDriftStream -s generators.AgrawalGenerator -d (generators.AgrawalGenerator -f 3) -p 100000 -w 1,1,144000.0,1.203125,7.465672549895115E-8,144000.0,90.57916666666667,80.16057571203355,79.42737557247278,74.53159614012691,144000.0,634104.0,208.0,160.0,160.0,7.0,0.0,0.0,1.0
trees.HoeffdingTree,ConceptDriftStream -s generators.AgrawalGenerator -d (generators.AgrawalGenerator -f 3) -p 100000 -w 1,1,145000.0,1.21875,7.722200179058645E-8,145000.0,90.62620689655172,80.26864556828455,79.54306011257938,74.7022036926742,145000.0,634624.0,208.0,160.0,160.0,7.0,0.0,0.0,1.0
trees.HoeffdingTree,ConceptDriftStream -s generators.AgrawalGenerator -d (generators.AgrawalGenerator -f 3) -p 100000 -w 1,1,146000.0,1.234375,7.979377793769043E-8,146000.0,90.66986301369863,80.37211348728528,79.65134517425273,74.87318539833619,146000.0,636232.0,208.0,160.0,160.0,7.0,0.0,0.0,1.0
trees.HoeffdingTree,ConceptDriftStream -s generators.AgrawalGenerator -d (generators.AgrawalGenerator -f 3) -p 100000 -w 1,1,147000.0,1.234375,7.979377793769043E-8,147000.0,90.7156462585034,80.4784991360859,79.76275207591932,75.04662302994845,147000.0,636816.0,208.0,160.0,160.0,7.0,0.0,0.0,1.0
trees.HoeffdingTree,ConceptDriftStream -s generators.AgrawalGenerator -d (generators.AgrawalGenerator -f 3) -p 100000 -w 1,1,148000.0,1.25,8.237667821554674E-8,148000.0,90.7527027027027,80.56106026846119,79.85397591780257,75.1736898434524,148000.0,638984.0,208.0,160.0,160.0,7.0,0.0,0.0,1.0
trees.HoeffdingTree,ConceptDriftStream -s generators.AgrawalGenerator -d (generators.AgrawalGenerator -f 3) -p 100000 -w 1,1,149000.0,1.265625,8.496533458431562E-8,149000.0,90.78993288590604,80.64951729478014,79.94270597348691,75.32100852425998,149000.0,640408.0,208.0,160.0,160.0,7.0,0.0,0.0,1.0
trees.HoeffdingTree,ConceptDriftStream -s generators.AgrawalGenerator -d (generators.AgrawalGenerator -f 3) -p 100000 -w 1,1,150000.0,1.28125,8.755444367933605E-8,150000.0,90.836,80.75375563907491,80.05774057363372,75.48159246575341,150000.0,640520.0,208.0,160.0,160.0,7.0,0.0,0.0,1.0
trees.HoeffdingTree,ConceptDriftStream -s generators.AgrawalGenerator -d (generators.AgrawalGenerator -f 3) -p 100000 -w 1,1,151000.0,1.296875,9.014575173043544E-8,151000.0,90.88344370860926,80.86134665673555,80.17569124423962,75.64660510207692,151000.0,641064.0,208.0,160.0,160.0,7.0,0.0,0.0,1.0
trees.HoeffdingTree,ConceptDriftStream -s generators.AgrawalGenerator -d (generators.AgrawalGenerator -f 3) -p 100000 -w 1,1,152000.0,1.3125,9.27371244567136E-8,152000.0,90.92697368421052,80.96008878551643,80.28674347465622,75.79889444590681,152000.0,641080.0,208.0,160.0,160.0,7.0,0.0,0.0,1.0
trees.HoeffdingTree,ConceptDriftStream -s generators.AgrawalGenerator -d (generators.AgrawalGenerator -f 3) -p 100000 -w 1,1,153000.0,1.328125,9.533755170802276E-8,153000.0,90.96993464052288,81.05487974820613,80.3928247048138,75.94121129801832,153000.0,643320.0,208.0,160.0,160.0,7.0,0.0,0.0,1.0
trees.HoeffdingTree,ConceptDriftStream -s generators.AgrawalGenerator -d (generators.AgrawalGenerator -f 3) -p 100000 -w 1,1,154000.0,1.34375,9.794046895371544E-8,154000.0,91.01623376623377,81.15638039711534,80.50282557533224,76.08966160865508,154000.0,643936.0,208.0,160.0,160.0,7.0,0.0,0.0,1.0
trees.HoeffdingTree,ConceptDriftStream -s generators.AgrawalGenerator -d (generators.AgrawalGenerator -f 3) -p 100000 -w 1,1,155000.0,1.359375,1.0054810748746E-7,155000.0,91.05354838709677,81.24380536222378,80.5928372496606,76.23234608528726,155000.0,645104.0,208.0,160.0,160.0,7.0,0.0,0.0,1.0
trees.HoeffdingTree,ConceptDriftStream -s generators.AgrawalGenerator -d (generators.AgrawalGenerator -f 3) -p 100000 -w 1,1,156000.0,1.390625,1.0576965804729198E-7,156000.0,91.08589743589744,81.31904682890855,80.66785297225157,76.35395942797871,156000.0,645880.0,208.0,160.0,160.0,7.0,0.0,0.0,1.0
trees.HoeffdingTree,ConceptDriftStream -s generators.AgrawalGenerator -d (generators.AgrawalGenerator -f 3) -p 100000 -w 1,1,157000.0,1.40625,1.0838457253865072E-7,157000.0,91.12484076433121,81.40608922572731,80.76370865315587,76.48428798055826,157000.0,646904.0,208.0,160.0,160.0,7.0,0.0,0.0,1.0
trees.HoeffdingTree,ConceptDriftStream -s generators.AgrawalGenerator -d (generators.AgrawalGenerator -f 3) -p 100000 -w 1,1,158000.0,1.421875,1.1099948703000946E-7,158000.0,91.15696202531646,81.47949169495229,80.83980143166671,76.60062635025373,158000.0,646904.0,208.0,160.0,160.0,7.0,0.0,0.0,1.0
trees.HoeffdingTree,ConceptDriftStream -s generators.AgrawalGenerator -d (generators.AgrawalGenerator -f 3) -p 100000 -w 1,1,159000.0,1.4375,1.1362125709032022E-7,159000.0,91.19056603773585,81.56011701578896,80.92650843580212,76.73719524347308,159000.0,648600.0,208.0,160.0,160.0,7.0,0.0,0.0,1.0
trees.HoeffdingTree,ConceptDriftStream -s generators.AgrawalGenerator -d (generators.AgrawalGenerator -f 3) -p 100000 -w 1,1,160000.0,1.453125,1.1624787778904044E-7,160000.0,91.228125,81.64759223244025,81.01685286877486,76.87808896210875,160000.0,649800.0,208.0,160.0,160.0,7.0,0.0,0.0,1.0
trees.HoeffdingTree,ConceptDriftStream -s generators.AgrawalGenerator -d (generators.AgrawalGenerator -f 3) -p 100000 -w 1,1,161000.0,1.46875,1.1887449848776066E-7,161000.0,91.26459627329191,81.72931617648224,81.10363174654358,76.99931311941907,161000.0,649800.0,208.0,160.0,160.0,7.0,0.0,0.0,1.0
trees.HoeffdingTree,ConceptDriftStream -s generators.AgrawalGenerator -d (generators.AgrawalGenerator -f 3) -p 100000 -w 1,1,162000.0,1.484375,1.215082011185587E-7,162000.0,91.30185185185185,81.81164437283056,81.19168702198375,77.11905689789556,162000.0,651552.0,208.0,160.0,160.0,7.0,0.0,0.0,1.0
trees.HoeffdingTree,ConceptDriftStream -s generators.AgrawalGenerator -d (generators.AgrawalGenerator -f 3) -p 100000 -w 1,1,163000.0,1.5,1.2414859763036176E-7,163000.0,91.3355828220859,81.8867366329925,81.270969538637,77.23014913341395,163000.0,653208.0,208.0,160.0,160.0,7.0,0.0,0.0,1.0
trees.HoeffdingTree,ConceptDriftStream -s generators.AgrawalGenerator -d (generators.AgrawalGenerator -f 3) -p 100000 -w 1,1,164000.0,1.515625,1.267893821932376E-7,164000.0,91.3719512195122,81.9677588102803,81.35852238294733,77.34985273402484,164000.0,653304.0,208.0,160.0,160.0,7.0,0.0,0.0,1.0
trees.HoeffdingTree,ConceptDriftStream -s generators.AgrawalGenerator -d (generators.AgrawalGenerator -f 3) -p 100000 -w 1,1,165000.0,1.53125,1.294330771391591E-7,165000.0,91.40545454545455,82.04376206443334,81.43799575905129,77.46722809247638,165000.0,654024.0,208.0,160.0,160.0,7.0,0.0,0.0,1.0
trees.HoeffdingTree,ConceptDriftStream -s generators.AgrawalGenerator -d (generators.AgrawalGenerator -f 3) -p 100000 -w 1,1,166000.0,1.546875,1.3207690143543818E-7,166000.0,91.43915662650602,82.12110544937032,81.52303931766174,77.58870840561426,166000.0,654056.0,208.0,160.0,160.0,7.0,0.0,0.0,1.0
trees.HoeffdingTree,ConceptDriftStream -s generators.AgrawalGenerator -d (generators.AgrawalGenerator -f 3) -p 100000 -w 1,1,167000.0,1.578125,1.373650027542479E-7,167000.0,91.4754491017964,82.2039586651741,81.61174905384982,77.71585999624318,167000.0,654112.0,208.0,160.0,160.0,7.0,0.0,0.0,1.0
trees.HoeffdingTree,ConceptDriftStream -s generators.AgrawalGenerator -d (generators.AgrawalGenerator -f 3) -p 100000 -w 1,1,168000.0,1.59375,1.40014130415188E-7,168000.0,91.50833333333334,82.27799235048569,81.6942975927732,77.82854656222803,168000.0,655368.0,208.0,160.0,160.0,7.0,0.0,0.0,1.0
trees.HoeffdingTree,ConceptDriftStream -s generators.AgrawalGenerator -d (generators.AgrawalGenerator -f 3) -p 100000 -w 1,1,169000.0,1.609375,1.4266975793159676E-7,169000.0,91.53846153846153,82.34429286973075,81.76322803616746,77.92562634105678,169000.0,656976.0,208.0,160.0,160.0,7.0,0.0,0.0,1.0
trees.HoeffdingTree,ConceptDriftStream -s generators.AgrawalGenerator -d (generators.AgrawalGenerator -f 3) -p 100000 -w 1,1,170000.0,1.625,1.4532764907926327E-7,170000.0,91.56705882352941,82.40902731415952,81.83730093372694,78.0213715179297,170000.0,657536.0,208.0,160.0,160.0,7.0,0.0,0.0,1.0
trees.HoeffdingTree,ConceptDriftStream -s generators.AgrawalGenerator -d (generators.AgrawalGenerator -f 3) -p 100000 -w 1,1,171000.0,1.640625,1.4798557256451916E-7,171000.0,91.5982456140351,82.47853263097082,81.91123701605288,78.12542821906547,171000.0,657544.0,208.0,160.0,160.0,7.0,0.0,0.0,1.0
trees.HoeffdingTree,ConceptDriftStream -s generators.AgrawalGenerator -d (generators.AgrawalGenerator -f 3) -p 100000 -w 1,1,172000.0,1.671875,1.5330180758610373E-7,172000.0,91.62616279069768,82.54307230029849,81.97913017366498,78.22478229317852,172000.0,657592.0,208.0,160.0,160.0,7.0,0.0,0.0,1.0
trees.HoeffdingTree,ConceptDriftStream -s generators.AgrawalGenerator -d (generators.AgrawalGenerator -f 3) -p 100000 -w 1,1,173000.0,1.6875,1.559617683394916E-7,173000.0,91.6485549132948,82.59449847763231,82.03052124920713,78.30532906887699,173000.0,658048.0,208.0,160.0,160.0,7.0,0.0,0.0,1.0
trees.HoeffdingTree,ConceptDriftStream -s generators.AgrawalGenerator -d (generators.AgrawalGenerator -f 3) -p 100000 -w 1,1,174000.0,1.703125,1.5862447778797817E-7,174000.0,91.68045977011494,82.66752857066884,82.10785222539458,78.41754506284198,174000.0,658728.0,208.0,160.0,160.0,7.0,0.0,0.0,1.0
trees.HoeffdingTree,ConceptDriftStream -s generators.AgrawalGenerator -d (generators.AgrawalGenerator -f 3) -p 100000 -w 1,1,175000.0,1.71875,1.6128718723646473E-7,175000.0,91.71085714285714,82.73464346753107,82.18395745569323,78.51694978007492,175000.0,658728.0,208.0,160.0,160.0,7.0,0.0,0.0,1.0
trees.HoeffdingTree,ConceptDriftStream -s generators.AgrawalGenerator -d (generators.AgrawalGenerator -f 3) -p 100000 -w 1,1,176000.0,1.734375,1.6395274239281818E-7,176000.0,91.73806818181818,82.7967541490794,82.24997253451495,78.61303132813649,176000.0,659432.0,208.0,160.0,160.0,7.0,0.0,0.0,1.0
trees.HoeffdingTree,ConceptDriftStream -s generators.AgrawalGenerator -d (generators.AgrawalGenerator -f 3) -p 100000 -w 1,1,177000.0,1.75,1.6661829754917162E-7,177000.0,91.76101694915253,82.85003051891961,82.30905473602485,78.69695420349134,177000.0,659432.0,208.0,160.0,160.0,7.0,0.0,0.0,1.0
trees.HoeffdingTree,ConceptDriftStream -s generators.AgrawalGenerator -d (generators.AgrawalGenerator -f 3) -p 100000 -w 1,1,178000.0,1.765625,1.6928394971829325E-7,178000.0,91.78426966292135,82.90620891982454,82.36436211907431,78.79165820692056,178000.0,659456.0,208.0,160.0,160.0,7.0,0.0,0.0,1.0
trees.HoeffdingTree,ConceptDriftStream -s generators.AgrawalGenerator -d (generators.AgrawalGenerator -f 3) -p 100000 -w 1,1,179000.0,1.796875,1.746154480820729E-7,179000.0,91.81173184357542,82.96864568465642,82.42587019340294,78.88648804379142,179000.0,659480.0,208.0,160.0,160.0,7.0,0.0,0.0,1.0
trees.HoeffdingTree,ConceptDriftStream -s generators.AgrawalGenerator -d (generators.AgrawalGenerator -f 3) -p 100000 -w 1,1,180000.0,1.8125,1.7728129427673092E-7,180000.0,91.84055555555555,83.03286604817232,82.49588825590543,78.9795334192071,180000.0,659504.0,208.0,160.0,160.0,7.0,0.0,0.0,1.0
trees.HoeffdingTree,ConceptDriftStream -s generators.AgrawalGenerator -d (generators.AgrawalGenerator -f 3) -p 100000 -w 1,1,181000.0,1.828125,1.7995173240908322E-7,181000.0,91.86574585635358,83.08991360989084,82.55713388699988,79.06672543471768,181000.0,660640.0,208.0,160.0,160.0,7.0,0.0,0.0,1.0
trees.HoeffdingTree,ConceptDriftStream -s generators.AgrawalGenerator -d (generators.AgrawalGenerator -f 3) -p 100000 -w 1,1,182000.0,1.84375,1.8262110340098543E-7,182000.0,91.89120879120878,83.14545512674678,82.61719670200235,79.14564698235053,182000.0,660376.0,210.0,161.0,161.0,8.0,0.0,0.0,1.0
trees.HoeffdingTree,ConceptDriftStream -s generators.AgrawalGenerator -d (generators.AgrawalGenerator -f 3) -p 100000 -w 1,1,183000.0,1.875,1.8798830246345867E-7,183000.0,91.91748633879781,83.20434570982972,82.67748811280538,79.23341523341524,183000.0,663896.0,210.0,161.0,161.0,8.0,0.0,0.0,1.0
trees.HoeffdingTree,ConceptDriftStream -s generators.AgrawalGenerator -d (generators.AgrawalGenerator -f 3) -p 100000 -w 1,1,184000.0,1.890625,1.906719019946953E-7,184000.0,91.93913043478261,83.25429652771116,82.72858540220784,79.31063343051237,184000.0,663896.0,210.0,161.0,161.0,8.0,0.0,0.0,1.0
trees.HoeffdingTree,ConceptDriftStream -s generators.AgrawalGenerator -d (generators.AgrawalGenerator -f 3) -p 100000 -w 1,1,185000.0,1.90625,1.9335572788905768E-7,185000.0,91.96486486486486,83.31437402328089,82.79035843289803,79.40508188090556,185000.0,663952.0,210.0,161.0,161.0,8.0,0.0,0.0,1.0
trees.HoeffdingTree,ConceptDriftStream -s generators.AgrawalGenerator -d (generators.AgrawalGenerator -f 3) -p 100000 -w 1,1,186000.0,1.921875,1.9603965079618826E-7,186000.0,91.98870967741935,83.3685462759792,82.8426349180762,79.48707359378872,186000.0,663976.0,210.0,161.0,161.0,8.0,0.0,0.0,1.0
trees.HoeffdingTree,ConceptDriftStream -s generators.AgrawalGenerator -d (generators.AgrawalGenerator -f 3) -p 100000 -w 1,1,187000.0,1.9375,1.9872541694591444E-7,187000.0,92.01122994652407,83.42075500442405,82.89753863766457,79.57003952244848,187000.0,664432.0,210.0,161.0,161.0,8.0,0.0,0.0,1.0
trees.HoeffdingTree,ConceptDriftStream -s generators.AgrawalGenerator -d (generators.AgrawalGenerator -f 3) -p 100000 -w 1,1,188000.0,1.96875,2.041015411830611E-7,188000.0,92.03351063829788,83.47080028881648,82.9516220830962,79.64390078151547,188000.0,665000.0,210.0,161.0,161.0,8.0,0.0,0.0,1.0
trees.HoeffdingTree,ConceptDriftStream -s generators.AgrawalGenerator -d (generators.AgrawalGenerator -f 3) -p 100000 -w 1,1,189000.0,2.0,2.0948225735790202E-7,189000.0,92.05502645502645,83.52231092561402,82.99818840579711,79.72837972837972,189000.0,665568.0,210.0,161.0,161.0,8.0,0.0,0.0,1.0
trees.HoeffdingTree,ConceptDriftStream -s generators.AgrawalGenerator -d (generators.AgrawalGenerator -f 3) -p 100000 -w 1,1,190000.0,2.015625,2.1217261544532247E-7,190000.0,92.08473684210526,83.58727680602,83.06743078464707,79.81911139141987,190000.0,665568.0,210.0,161.0,161.0,8.0,0.0,0.0,1.0
trees.HoeffdingTree,ConceptDriftStream -s generators.AgrawalGenerator -d (generators.AgrawalGenerator -f 3) -p 100000 -w 1,1,191000.0,2.03125,2.1486297353274292E-7,191000.0,92.1041884816754,83.63050234546844,83.11538547661166,79.88288023904171,191000.0,665568.0,210.0,161.0,161.0,8.0,0.0,0.0,1.0
trees.HoeffdingTree,ConceptDriftStream -s generators.AgrawalGenerator -d (generators.AgrawalGenerator -f 3) -p 100000 -w 1,1,192000.0,2.046875,2.17551423702389E-7,192000.0,92.13020833333333,83.68757692889145,83.1799004820055,79.96472943765994,192000.0,665096.0,212.0,162.0,162.0,8.0,0.0,0.0,1.0
trees.HoeffdingTree,ConceptDriftStream -s generators.AgrawalGenerator -d (generators.AgrawalGenerator -f 3) -p 100000 -w 1,1,193000.0,2.078125,2.2296053228071996E-7,193000.0,92.15025906735751,83.73381455718804,83.232061626324,80.03584323854201,193000.0,669080.0,212.0,162.0,162.0,8.0,0.0,0.0,1.0
trees.HoeffdingTree,ConceptDriftStream -s generators.AgrawalGenerator -d (generators.AgrawalGenerator -f 3) -p 100000 -w 1,1,194000.0,2.09375,2.256652482578324E-7,194000.0,92.17113402061857,83.78014499034964,83.28196548080311,80.1034911901487,194000.0,669120.0,212.0,162.0,162.0,8.0,0.0,0.0,1.0
trees.HoeffdingTree,ConceptDriftStream -s generators.AgrawalGenerator -d (generators.AgrawalGenerator -f 3) -p 100000 -w 1,1,195000.0,2.109375,2.2837002891012366E-7,195000.0,92.19435897435898,83.83090215172604,83.33333333333333,80.17634341382094,195000.0,669136.0,212.0,162.0,162.0,8.0,0.0,0.0,1.0
trees.HoeffdingTree,ConceptDriftStream -s generators.AgrawalGenerator -d (generators.AgrawalGenerator -f 3) -p 100000 -w 1,1,196000.0,2.125,2.310748419000043E-7,196000.0,92.21530612244898,83.87808975649858,83.38107634161484,80.24624228065406,196000.0,669144.0,212.0,162.0,162.0,8.0,0.0,0.0,1.0
trees.HoeffdingTree,ConceptDriftStream -s generators.AgrawalGenerator -d (generators.AgrawalGenerator -f 3) -p 100000 -w 1,1,197000.0,2.140625,2.3377984891542133E-7,197000.0,92.23807106598984,83.92844800339616,83.43426683278263,80.31894354776429,197000.0,669192.0,212.0,162.0,162.0,8.0,0.0,0.0,1.0
trees.HoeffdingTree,ConceptDriftStream -s generators.AgrawalGenerator -d (generators.AgrawalGenerator -f 3) -p 100000 -w 1,1,198000.0,2.15625,2.3648773397629463E-7,198000.0,92.25151515151515,83.95915438334669,83.46820684676142,80.36600972613257,198000.0,669904.0,212.0,162.0,162.0,8.0,0.0,0.0,1.0
trees.HoeffdingTree,ConceptDriftStream -s generators.AgrawalGenerator -d (generators.AgrawalGenerator -f 3) -p 100000 -w 1,1,199000.0,2.171875,2.391957807251149E-7,199000.0,92.2683417085427,83.99804635446394,83.51405794616835,80.42543446731635,199000.0,669944.0,212.0,162.0,162.0,8.0,0.0,0.0,1.0
trees.HoeffdingTree,ConceptDriftStream -s generators.AgrawalGenerator -d (generators.AgrawalGenerator -f 3) -p 100000 -w 1,1,200000.0,2.1875,2.4190411851223976E-7,200000.0,92.29,84.04427954555719,83.56164383561645,80.48916275479864,200000.0,670016.0,212.0,162.0,162.0,8.0,0.0,0.0,1.0
